workload,variant,sweep_param,sweep_value,sets,ways,line_size,capacity_bytes,accesses,hits,misses,hit_rate,writebacks,total_cycles,cost_min,cost_mean,cost_max,window,worst_window_cycles,seed
ring,,line_size,16,64,4,16,4096,8192,7936,256,0.9688,0,33536,1,4.0938,100,100,2575,1
ring,,line_size,32,64,4,32,8192,8192,8064,128,0.9844,0,20864,1,2.5469,100,100,1387,1
ring,,line_size,64,64,4,64,16384,8192,8128,64,0.9922,0,14528,1,1.7734,100,100,793,1
movavg,,line_size,16,64,4,16,4096,65000,64984,16,0.9998,0,66584,1,1.0244,100,100,1684,1
movavg,,line_size,32,64,4,32,8192,65000,64992,8,0.9999,0,65792,1,1.0122,100,100,892,1
movavg,,line_size,64,64,4,64,16384,65000,64996,4,0.9999,0,65396,1,1.0061,100,100,496,1
structs,aos,line_size,16,64,4,16,4096,1000,0,1000,0.0,0,100000,100,100.0,100,100,10000,1
structs,aos,line_size,32,64,4,32,8192,1000,0,1000,0.0,0,100000,100,100.0,100,100,10000,1
structs,aos,line_size,64,64,4,64,16384,1000,500,500,0.5,0,50500,1,50.5,100,100,5050,1
structs,soa,line_size,16,64,4,16,4096,1000,750,250,0.75,0,25750,1,25.75,100,100,2575,1
structs,soa,line_size,32,64,4,32,8192,1000,875,125,0.875,0,13375,1,13.375,100,100,1387,1
structs,soa,line_size,64,64,4,64,16384,1000,937,63,0.937,0,7237,1,7.237,100,100,793,1
traversal,row,ways,1,64,1,32,2048,4096,3584,512,0.875,0,54784,1,13.375,100,100,1387,1
traversal,row,ways,2,64,2,32,4096,4096,3584,512,0.875,0,54784,1,13.375,100,100,1387,1
traversal,row,ways,3,64,3,32,6144,4096,3584,512,0.875,0,54784,1,13.375,100,100,1387,1
traversal,row,ways,4,64,4,32,8192,4096,3584,512,0.875,0,54784,1,13.375,100,100,1387,1
traversal,row,ways,5,64,5,32,10240,4096,3584,512,0.875,0,54784,1,13.375,100,100,1387,1
traversal,row,ways,6,64,6,32,12288,4096,3584,512,0.875,0,54784,1,13.375,100,100,1387,1
traversal,row,ways,7,64,7,32,14336,4096,3584,512,0.875,0,54784,1,13.375,100,100,1387,1
traversal,row,ways,8,64,8,32,16384,4096,3584,512,0.875,0,54784,1,13.375,100,100,1387,1
traversal,col,ways,1,64,1,32,2048,4096,0,4096,0.0,0,409600,100,100.0,100,100,10000,1
traversal,col,ways,2,64,2,32,4096,4096,0,4096,0.0,0,409600,100,100.0,100,100,10000,1
traversal,col,ways,3,64,3,32,6144,4096,0,4096,0.0,0,409600,100,100.0,100,100,10000,1
traversal,col,ways,4,64,4,32,8192,4096,0,4096,0.0,0,409600,100,100.0,100,100,10000,1
traversal,col,ways,5,64,5,32,10240,4096,0,4096,0.0,0,409600,100,100.0,100,100,10000,1
traversal,col,ways,6,64,6,32,12288,4096,0,4096,0.0,0,409600,100,100.0,100,100,10000,1
traversal,col,ways,7,64,7,32,14336,4096,0,4096,0.0,0,409600,100,100.0,100,100,10000,1
traversal,col,ways,8,64,8,32,16384,4096,3584,512,0.875,0,54784,1,13.375,100,100,6436,1
conflict,,ways,1,64,1,32,2048,4096,0,4096,0.0,0,409600,100,100.0,100,100,10000,1
conflict,,ways,2,64,2,32,4096,4096,4092,4,0.999,0,4492,1,1.0967,100,100,496,1
conflict,,ways,3,64,3,32,6144,4096,4092,4,0.999,0,4492,1,1.0967,100,100,496,1
conflict,,ways,4,64,4,32,8192,4096,4092,4,0.999,0,4492,1,1.0967,100,100,496,1
conflict,,ways,5,64,5,32,10240,4096,4092,4,0.999,0,4492,1,1.0967,100,100,496,1
conflict,,ways,6,64,6,32,12288,4096,4092,4,0.999,0,4492,1,1.0967,100,100,496,1
conflict,,ways,7,64,7,32,14336,4096,4092,4,0.999,0,4492,1,1.0967,100,100,496,1
conflict,,ways,8,64,8,32,16384,4096,4092,4,0.999,0,4492,1,1.0967,100,100,496,1
coldstart,,line_size,16,64,4,16,4096,7680,5760,1920,0.75,0,197760,1,25.75,100,100,2575,1
coldstart,,line_size,32,64,4,32,8192,7680,7488,192,0.975,0,26688,1,3.475,100,100,1387,1
coldstart,,line_size,64,64,4,64,16384,7680,7584,96,0.9875,0,17184,1,2.2375,100,100,793,1
